<?xml version="1.0" encoding="utf-8"?>
<!DOCTYPE hibernate-mapping PUBLIC "-//Hibernate/Hibernate Mapping DTD 3.0//EN"
"http://www.hibernate.org/dtd/hibernate-mapping-3.0.dtd">
<!-- 
    Mapping file autogenerated by MyEclipse Persistence Tools
-->
<hibernate-mapping>
    <class name="lps.dianpupinglun.DazhongCaterDisscus" table="dazhong_cater_disscus" catalog="caterdb">
        <id name="id" type="java.lang.Integer">
            <column name="id" />
            <generator class="identity" />
        </id>
        <property name="disscussUrl" type="java.lang.String">
            <column name="disscuss_url">
                <comment>头像地址</comment>
            </column>
        </property>
        <property name="disscusor" type="java.lang.String">
            <column name="disscusor" length="50">
                <comment>评论人员</comment>
            </column>
        </property>
        <property name="disscusLevel" type="java.lang.Integer">
            <column name="disscus_level">
                <comment>评价分数</comment>
            </column>
        </property>
        <property name="disscusContent" type="java.lang.String">
            <column name="disscus_content" length="2000">
                <comment>评论内容</comment>
            </column>
        </property>
        <property name="disscusTime" type="java.util.Date">
            <column name="disscus_time" length="10">
                <comment>评论时间</comment>
            </column>
        </property>
        <property name="discusType" type="java.lang.String">
            <column name="discus_type">
                <comment>评级类型：满意，不满意（差评），中等</comment>
            </column>
        </property>
        <property name="disscusReturn" type="java.lang.String">
            <column name="disscus_return" length="2000">
                <comment>商家反馈</comment>
            </column>
        </property>
        <property name="uuid" type="java.lang.String">
            <column name="uuid" length="40" />
        </property>
    </class>
</hibernate-mapping>
