<?xml version="1.0" encoding="utf-8"?>
<!DOCTYPE hibernate-mapping PUBLIC "-//Hibernate/Hibernate Mapping DTD 3.0//EN"
"http://www.hibernate.org/dtd/hibernate-mapping-3.0.dtd">
<!-- 
    Mapping file autogenerated by MyEclipse Persistence Tools
-->
<hibernate-mapping>
    <class name="lps.entities.Caidan" table="caidan" >
        <id name="id" type="java.lang.Integer">
            <column name="Id" />
            <generator class="identity" />
        </id>
        <property name="name" type="java.lang.String">
            <column name="name" />
        </property>
        <property name="tuijian" type="java.lang.String">
            <column name="tuijian" />
        </property>
        <property name="price" type="java.lang.Integer">
            <column name="price" />
        </property>
        <property name="yueshou" type="java.lang.Integer">
            <column name="yueshou" />
        </property>
        <property name="canguanid" type="java.lang.Integer">
            <column name="canguanid" />
        </property>
    </class>
</hibernate-mapping>
