<?xml version="1.0" encoding="utf-8"?>
<!DOCTYPE hibernate-mapping PUBLIC "-//Hibernate/Hibernate Mapping DTD 3.0//EN"
"http://www.hibernate.org/dtd/hibernate-mapping-3.0.dtd">
<!-- 
    Mapping file autogenerated by MyEclipse Persistence Tools
-->
<hibernate-mapping>
    <class name="lps.entities.Canting" table="canting" catalog="library">
        <id name="id" type="java.lang.Integer">
            <column name="Id" />
            <generator class="identity" />
        </id>
        <property name="name" type="java.lang.String">
            <column name="name" />
        </property>
        <property name="fenshu" type="java.lang.String">
            <column name="fenshu" />
        </property>
        <property name="address" type="java.lang.String">
            <column name="address" />
        </property>
        <property name="jingdu" type="java.lang.String">
            <column name="jingdu" />
        </property>
        <property name="weidu" type="java.lang.String">
            <column name="weidu" />
        </property>
        <property name="time" type="java.lang.Integer">
            <column name="time" />
        </property>
        <property name="qisongjiage" type="java.lang.Integer">
            <column name="qisongjiage" />
        </property>
        <property name="lufei" type="java.lang.Float">
            <column name="lufei" />
        </property>
        <property name="dafen" type="java.lang.Integer">
            <column name="dafen" />
        </property>
        <property name="pinglunrenshu" type="java.lang.Integer">
            <column name="pinglunrenshu" />
        </property>
        <property name="foodid" type="java.lang.Integer">
            <column name="foodid" />
        </property>
        <property name="webid" type="java.lang.Integer">
            <column name="webid" />
        </property>
    </class>
</hibernate-mapping>
