<?xml version="1.0" encoding="utf-8"?>
<!DOCTYPE hibernate-mapping PUBLIC "-//Hibernate/Hibernate Mapping DTD 3.0//EN"
"http://www.hibernate.org/dtd/hibernate-mapping-3.0.dtd">
<!-- 
    Mapping file autogenerated by MyEclipse Persistence Tools
-->
<hibernate-mapping>
    <class name="lps.entities.DazhongCaterPromotion" table="dazhong_cater_promotion" catalog="caterdb">
        <id name="id" type="java.lang.Long">
            <column name="id" />
            <generator class="identity" />
        </id>
        <property name="caterid" type="java.lang.Long">
            <column name="caterid">
                <comment>商家标识符</comment>
            </column>
        </property>
        <property name="promotionpicurl" type="java.lang.String">
            <column name="promotionpicurl" length="300">
                <comment>促销菜单或代金券</comment>
            </column>
        </property>
        <property name="promotionname" type="java.lang.String">
            <column name="promotionname" length="100">
                <comment>促销名字：菜品或者代金券名数量</comment>
            </column>
        </property>
        <property name="nowPrice" type="java.lang.Float">
            <column name="now_price" precision="12" scale="0">
                <comment>现在价格</comment>
            </column>
        </property>
        <property name="oldPrice" type="java.lang.Float">
            <column name="old_price" precision="12" scale="0">
                <comment>原来价格</comment>
            </column>
        </property>
        <property name="saleCount" type="java.lang.Integer">
            <column name="sale_count">
                <comment>已售数量</comment>
            </column>
        </property>
        <property name="createTime" type="java.lang.Integer">
            <column name="create_time">
                <comment>创建时间</comment>
            </column>
        </property>
        <property name="star" type="java.lang.Integer">
            <column name="star" />
        </property>
        <property name="commentsCount" type="java.lang.String">
            <column name="`comments-count`" length="100" />
        </property>
        <property name="validateDate" type="java.lang.String">
            <column name="`validate-date`" />
        </property>
        <property name="promoUuid" type="java.lang.Long">
            <column name="promo_uuid">
                <comment>团购唯一标识符</comment>
            </column>
        </property>
        <property name="tag" type="java.lang.String">
            <column name="tag" />
        </property>
        <property name="ok" type="java.lang.Integer">
            <column name="ok" />
        </property>
    </class>
</hibernate-mapping>
