<?xml version="1.0" encoding="utf-8"?>
<!DOCTYPE hibernate-mapping PUBLIC "-//Hibernate/Hibernate Mapping DTD 3.0//EN"
"http://www.hibernate.org/dtd/hibernate-mapping-3.0.dtd">
<!-- 
    Mapping file autogenerated by MyEclipse Persistence Tools
-->
<hibernate-mapping>
    <class name="lps.entities.DazhongDishRecommend" table="dazhong_dish_recommend" catalog="caterdb">
        <id name="id" type="java.lang.Long">
            <column name="id" />
            <generator class="identity" />
        </id>
        <property name="caterid" type="java.lang.Long">
            <column name="caterid">
                <comment>商家ID</comment>
            </column>
        </property>
        <property name="recommendCount" type="java.lang.Integer">
            <column name="recommend_count">
                <comment>推荐次数</comment>
            </column>
        </property>
        <property name="dishTag" type="java.lang.String">
            <column name="dish_tag" length="20">
                <comment>大众菜品标签</comment>
            </column>
        </property>
        <property name="price" type="java.lang.Integer">
            <column name="price">
                <comment>菜品价格</comment>
            </column>
        </property>
        <property name="dishid" type="java.lang.Long">
            <column name="dishid">
                <comment>菜品标识符</comment>
            </column>
        </property>
        <property name="dishname" type="java.lang.String">
            <column name="dishname">
                <comment>菜品名字</comment>
            </column>
        </property>
        <property name="createTime" type="java.lang.Integer">
            <column name="create_time" />
        </property>
        <property name="picurl" type="java.lang.String">
            <column name="picurl" />
        </property>
    </class>
</hibernate-mapping>
