<?xml version="1.0" encoding="utf-8"?>
<!DOCTYPE hibernate-mapping PUBLIC "-//Hibernate/Hibernate Mapping DTD 3.0//EN"
"http://www.hibernate.org/dtd/hibernate-mapping-3.0.dtd">
<!-- 
    Mapping file autogenerated by MyEclipse Persistence Tools
-->
<hibernate-mapping>
    <class name="lps.entities.DazhongCaterFirm" table="dazhong_cater_firm" catalog="caterdb">
        <id name="id" type="java.lang.Long">
            <column name="id" />
            <generator class="identity" />
        </id>
        <property name="catertype" type="java.lang.String">
            <column name="catertype" length="20">
                <comment>商家的菜系</comment>
            </column>
        </property>
        <property name="province" type="java.lang.String">
            <column name="province" length="20">
                <comment>省份</comment>
            </column>
        </property>
        <property name="runTime" type="java.lang.String">
            <column name="run_time">
                <comment>营业时间</comment>
            </column>
        </property>
        <property name="phone" type="java.lang.String">
            <column name="phone" length="20">
                <comment>电话</comment>
            </column>
        </property>
        <property name="city" type="java.lang.String">
            <column name="city" length="20">
                <comment>城市</comment>
            </column>
        </property>
        <property name="caterName" type="java.lang.String">
            <column name="cater_name" length="60">
                <comment>商家名称</comment>
            </column>
        </property>
        <property name="caterAddress" type="java.lang.String">
            <column name="cater_address" length="50">
                <comment>商家地址</comment>
            </column>
        </property>
        <property name="firmCertificate" type="java.lang.String">
            <column name="firm_certificate">
                <comment>商家执照地址</comment>
            </column>
        </property>
        <property name="createTime" type="java.lang.Integer">
            <column name="create_time">
                <comment>创建时间</comment>
            </column>
        </property>
        <property name="dissCount" type="java.lang.Integer">
            <column name="diss_count">
                <comment>评论数</comment>
            </column>
        </property>
        <property name="meanCost" type="java.lang.Integer">
            <column name="mean_cost">
                <comment>人平均花费</comment>
            </column>
        </property>
        <property name="starLevel" type="java.lang.Float">
            <column name="star_level" precision="12" scale="0">
                <comment>服务评分</comment>
            </column>
        </property>
        <property name="caterFeature" type="java.lang.String">
            <column name="cater_feature">
                <comment>餐厅特色</comment>
            </column>
        </property>
        <property name="caterLatude" type="java.lang.String">
            <column name="cater_latude" length="30">
                <comment>纬度</comment>
            </column>
        </property>
        <property name="caterLongtitude" type="java.lang.String">
            <column name="cater_longtitude" length="30">
                <comment>经度</comment>
            </column>
        </property>
        <property name="uuid" type="java.lang.String">
            <column name="uuid" />
        </property>
        <property name="goodDiss" type="java.lang.Integer">
            <column name="good_diss" />
        </property>
        <property name="modiDiss" type="java.lang.Integer">
            <column name="modi_diss" />
        </property>
        <property name="lowDiss" type="java.lang.Integer">
            <column name="low_diss" />
        </property>
        <property name="ok" type="java.lang.Integer">
            <column name="ok">
                <comment>pl</comment>
            </column>
        </property>
        <property name="kouwei" type="java.lang.Float">
            <column name="kouwei" precision="12" scale="0" />
        </property>
        <property name="fuwu" type="java.lang.Float">
            <column name="fuwu" precision="12" scale="0" />
        </property>
        <property name="huanjing" type="java.lang.Float">
            <column name="huanjing" precision="12" scale="0" />
        </property>
        <property name="disscusReturn" type="java.lang.String">
            <column name="disscus_return" length="2000">
                <comment>商家反馈</comment>
            </column>
        </property>
        <property name="shopGroupId" type="java.lang.Integer">
            <column name="shop_group_id" />
        </property>
        <property name="mainregionid" type="java.lang.Integer">
            <column name="mainregionid" />
        </property>
        <property name="categoryname" type="java.lang.String">
            <column name="categoryname">
                <comment>一级分类中文名</comment>
            </column>
        </property>
        <property name="categoryurlname" type="java.lang.String">
            <column name="categoryurlname">
                <comment>一级分类英文名</comment>
            </column>
        </property>
        <property name="ok2" type="java.lang.Integer">
            <column name="ok2">
                <comment>tj</comment>
            </column>
        </property>
        <property name="ok3" type="java.lang.Integer">
            <column name="ok3">
                <comment>sumerry</comment>
            </column>
        </property>
        <property name="tag" type="java.lang.String">
            <column name="tag" length="200">
                <comment>标签</comment>
            </column>
        </property>
        <property name="dissScore" type="java.lang.String">
            <column name="diss_score" length="50">
                <comment>评分</comment>
            </column>
        </property>
        <property name="coTasty" type="java.lang.Float">
            <column name="co_tasty" precision="12" scale="0">
                <comment>综合口味</comment>
            </column>
        </property>
        <property name="coEnvironment" type="java.lang.Float">
            <column name="co_environment" precision="12" scale="0">
                <comment>综合环境</comment>
            </column>
        </property>
        <property name="firmDocument" type="java.lang.String">
            <column name="firm_document" length="500">
                <comment>商家食品安全档案</comment>
            </column>
        </property>
        <property name="firmLecense" type="java.lang.String">
            <column name="firm_lecense">
                <comment>卫生许可资质地址</comment>
            </column>
        </property>
        <property name="brandStory" type="java.lang.String">
            <column name="brand_story" length="500">
                <comment>品牌故事</comment>
            </column>
        </property>
        <property name="ok4" type="java.lang.Integer">
            <column name="ok4" />
        </property>
        <property name="ok5" type="java.lang.Integer">
            <column name="ok5" />
        </property>
        <property name="ok6" type="java.lang.Integer">
            <column name="ok6" />
        </property>
    </class>
</hibernate-mapping>
