<?xml version="1.0" encoding="utf-8"?>
<!DOCTYPE hibernate-mapping PUBLIC "-//Hibernate/Hibernate Mapping DTD 3.0//EN"
"http://www.hibernate.org/dtd/hibernate-mapping-3.0.dtd">
<!-- 
    Mapping file autogenerated by MyEclipse Persistence Tools
-->
<hibernate-mapping>
    <class name="lps.entities.DazhongCaterDishevaluate" table="dazhong_cater_dishevaluate" catalog="caterdb">
        <id name="id" type="java.lang.Integer">
            <column name="id" />
            <generator class="identity" />
        </id>
        <property name="caterFirmid" type="java.lang.Integer">
            <column name="cater_firmid">
                <comment>商家ID</comment>
            </column>
        </property>
        <property name="dishid" type="java.lang.Integer">
            <column name="dishid" />
        </property>
        <property name="saleSummonth" type="java.lang.Integer">
            <column name="sale_summonth">
                <comment>月售数量</comment>
            </column>
        </property>
    </class>
</hibernate-mapping>
