<?xml version="1.0" encoding="utf-8"?>
<!DOCTYPE hibernate-mapping PUBLIC "-//Hibernate/Hibernate Mapping DTD 3.0//EN"
"http://www.hibernate.org/dtd/hibernate-mapping-3.0.dtd">
<!-- 
    Mapping file autogenerated by MyEclipse Persistence Tools
-->
<hibernate-mapping>
    <class name="lps.entities.DazhongCaterDissSummary" table="dazhong_cater_diss_summary" catalog="caterdb">
        <id name="id" type="java.lang.Long">
            <column name="id" />
            <generator class="identity" />
        </id>
        <property name="caterFirmid" type="java.lang.Long">
            <column name="cater_firmid">
                <comment>店家标识符</comment>
            </column>
        </property>
        <property name="dissCount" type="java.lang.Integer">
            <column name="diss_count">
                <comment>点评总数</comment>
            </column>
        </property>
        <property name="goodDiss" type="java.lang.Integer">
            <column name="good_diss">
                <comment>好评数量</comment>
            </column>
        </property>
        <property name="modiDiss" type="java.lang.Integer">
            <column name="modi_diss">
                <comment>中评数量</comment>
            </column>
        </property>
        <property name="lowDiss" type="java.lang.Integer">
            <column name="low_diss">
                <comment>差评数量</comment>
            </column>
        </property>
        <property name="createTime" type="java.lang.Integer">
            <column name="create_time">
                <comment>创建时间</comment>
            </column>
        </property>
    </class>
</hibernate-mapping>
