<?xml version="1.0" encoding="utf-8"?>
<!DOCTYPE hibernate-mapping PUBLIC "-//Hibernate/Hibernate Mapping DTD 3.0//EN"
"http://www.hibernate.org/dtd/hibernate-mapping-3.0.dtd">
<!-- 
    Mapping file autogenerated by MyEclipse Persistence Tools
-->
<hibernate-mapping>
    <class name="lps.entities.DazhongCaterDisscus" table="dazhong_cater_disscus" catalog="caterdb">
        <id name="id" type="java.lang.Long">
            <column name="id" />
            <generator class="identity" />
        </id>
        <property name="caterid" type="java.lang.Long">
            <column name="caterid">
                <comment>商家ID</comment>
            </column>
        </property>
        <property name="disscussUrl" type="java.lang.String">
            <column name="disscuss_url">
                <comment>头像地址</comment>
            </column>
        </property>
        <property name="disscusor" type="java.lang.String">
            <column name="disscusor" length="500">
                <comment>评论人员</comment>
            </column>
        </property>
        <property name="disscusLevel" type="java.lang.Integer">
            <column name="disscus_level">
                <comment>评价分数</comment>
            </column>
        </property>
        <property name="disscusContent" type="java.lang.String">
            <column name="disscus_content">
                <comment>评论内容</comment>
            </column>
        </property>
        <property name="disscusTime" type="java.util.Date">
            <column name="disscus_time" length="10">
                <comment>评论时间</comment>
            </column>
        </property>
        <property name="discusType" type="java.lang.String">
            <column name="discus_type">
                <comment>评级类型：满意，不满意（差评），中等</comment>
            </column>
        </property>
        <property name="envirment" type="java.lang.Integer">
            <column name="envirment">
                <comment>环境评分</comment>
            </column>
        </property>
        <property name="percost" type="java.lang.Integer">
            <column name="percost">
                <comment>人均消费</comment>
            </column>
        </property>
        <property name="service" type="java.lang.Integer">
            <column name="service">
                <comment>服务评分</comment>
            </column>
        </property>
        <property name="likedish" type="java.lang.String">
            <column name="likedish" length="300">
                <comment>喜欢的菜：使用空格分隔菜品</comment>
            </column>
        </property>
        <property name="tasty" type="java.lang.Integer">
            <column name="tasty">
                <comment>口味评分</comment>
            </column>
        </property>
        <property name="returnDate" type="java.util.Date">
            <column name="return_date" length="10">
                <comment>反馈时间</comment>
            </column>
        </property>
        <property name="disscusReturn" type="java.lang.String">
            <column name="disscus_return" length="2000">
                <comment>商家反馈</comment>
            </column>
        </property>
        <property name="createTime" type="java.lang.Integer">
            <column name="create_time">
                <comment>创建时间</comment>
            </column>
        </property>
        <property name="uuid" type="java.lang.String">
            <column name="uuid" length="40" />
        </property>
        <property name="kouwei" type="java.lang.Float">
            <column name="kouwei" precision="12" scale="0" />
        </property>
        <property name="huanjing" type="java.lang.Float">
            <column name="huanjing" precision="12" scale="0" />
        </property>
        <property name="fuwu" type="java.lang.Float">
            <column name="fuwu" precision="12" scale="0" />
        </property>
        <property name="renjun" type="java.lang.Float">
            <column name="renjun" precision="12" scale="0" />
        </property>
        <property name="plid" type="java.lang.Integer">
            <column name="plid" />
        </property>
    </class>
</hibernate-mapping>
