<?xml version="1.0" encoding="utf-8"?>
<!DOCTYPE hibernate-mapping PUBLIC "-//Hibernate/Hibernate Mapping DTD 3.0//EN"
"http://www.hibernate.org/dtd/hibernate-mapping-3.0.dtd">
<!-- 
    Mapping file autogenerated by MyEclipse Persistence Tools
-->
<hibernate-mapping>
    <class name="lps.entities.DazhongCaterThinkSummary" table="dazhong_cater_think_summary" catalog="caterdb">
        <id name="id" type="java.lang.Integer">
            <column name="id" />
            <generator class="identity" />
        </id>
        <property name="caterid" type="java.lang.Integer">
            <column name="caterid">
                <comment>店家</comment>
            </column>
        </property>
        <property name="thinkConent" type="java.lang.String">
            <column name="think_conent" length="50">
                <comment>认为内容</comment>
            </column>
        </property>
        <property name="thinkSum" type="java.lang.Integer">
            <column name="think_sum">
                <comment>认为数量</comment>
            </column>
        </property>
        <property name="createTime" type="java.sql.Timestamp">
            <column name="create_time" length="19">
                <comment>创建时间</comment>
            </column>
        </property>
    </class>
</hibernate-mapping>
