<?xml version="1.0" encoding="utf-8"?>
<!DOCTYPE hibernate-mapping PUBLIC "-//Hibernate/Hibernate Mapping DTD 3.0//EN"
"http://www.hibernate.org/dtd/hibernate-mapping-3.0.dtd">
<!-- 
    Mapping file autogenerated by MyEclipse Persistence Tools
-->
<hibernate-mapping>
    <class name="lps.entities.DazhongCaterDish" table="dazhong_cater_dish" catalog="caterdb">
        <id name="id" type="java.lang.Integer">
            <column name="id" />
            <generator class="identity" />
        </id>
        <property name="caterid" type="java.lang.Integer">
            <column name="caterid">
                <comment>商家</comment>
            </column>
        </property>
        <property name="createTime" type="java.sql.Timestamp">
            <column name="create_time" length="19" />
        </property>
        <property name="dishname" type="java.lang.String">
            <column name="dishname" length="20">
                <comment>菜品名称</comment>
            </column>
        </property>
        <property name="price" type="java.lang.Float">
            <column name="price" precision="12" scale="0">
                <comment>菜品价格</comment>
            </column>
        </property>
        <property name="picurl" type="java.lang.String">
            <column name="picurl" length="200">
                <comment>图片地址</comment>
            </column>
        </property>
        <property name="descr" type="java.lang.String">
            <column name="descr" length="500">
                <comment>描述</comment>
            </column>
        </property>
        <property name="unit" type="java.lang.String">
            <column name="unit" length="20">
                <comment>单位：张，盘，份，碗，锅，盆，位</comment>
            </column>
        </property>
        <property name="zanCount" type="java.lang.Integer">
            <column name="zan_count">
                <comment>点赞次数</comment>
            </column>
        </property>
        <property name="dissLevel" type="java.lang.Float">
            <column name="diss_level" precision="12" scale="0">
                <comment>评论星级</comment>
            </column>
        </property>
        <property name="type" type="java.lang.String">
            <column name="type" length="11">
                <comment>菜单类别：套餐，主食套餐，主食饮料，早餐,蒸汤，饮品</comment>
            </column>
        </property>
        <property name="salesMonthsum" type="java.lang.Integer">
            <column name="sales_monthsum">
                <comment>月销数量</comment>
            </column>
        </property>
    </class>
</hibernate-mapping>
