<?xml version="1.0" encoding="utf-8"?>
<!DOCTYPE hibernate-mapping PUBLIC "-//Hibernate/Hibernate Mapping DTD 3.0//EN"
"http://www.hibernate.org/dtd/hibernate-mapping-3.0.dtd">
<!-- 
    Mapping file autogenerated by MyEclipse Persistence Tools
-->
<hibernate-mapping>
    <class name="lps.entities.ElmCaterDishevaluate" table="elm_cater_dishevaluate" catalog="caterdb">
        <id name="id" type="java.lang.Integer">
            <column name="id" />
            <generator class="identity" />
        </id>
        <property name="caterFirmid" type="java.lang.Integer">
            <column name="cater_firmid">
                <comment>鍟嗗?ID</comment>
            </column>
        </property>
        <property name="dishid" type="java.lang.String">
            <column name="dishid" length="30" />
        </property>
        <property name="saleSummonth" type="java.lang.Integer">
            <column name="sale_summonth">
                <comment>鏈堝敭鏁伴噺</comment>
            </column>
        </property>
        <property name="dissStarlevel" type="java.lang.Integer">
            <column name="diss_starlevel">
                <comment>璇勪环鏄熺骇</comment>
            </column>
        </property>
        <property name="dissDatetime" type="java.sql.Timestamp">
            <column name="diss_datetime" length="19">
                <comment>璇勪环鏃ユ湡</comment>
            </column>
        </property>
        <property name="createTime" type="java.sql.Timestamp">
            <column name="create_time" length="19">
                <comment>鐖?彇鏃堕棿</comment>
            </column>
        </property>
        <property name="modifyDate" type="java.sql.Timestamp">
            <column name="modify_date" length="19">
                <comment>鍐嶆?鐖?彇鏃堕棿</comment>
            </column>
        </property>
    </class>
</hibernate-mapping>
