<?xml version="1.0" encoding="utf-8"?>
<!DOCTYPE hibernate-mapping PUBLIC "-//Hibernate/Hibernate Mapping DTD 3.0//EN"
"http://www.hibernate.org/dtd/hibernate-mapping-3.0.dtd">
<!-- 
    Mapping file autogenerated by MyEclipse Persistence Tools
-->
<hibernate-mapping>
    <class name="lps.entities.ElmCaterFirm" table="elm_cater_firm" catalog="caterdb">
        <id name="id" type="java.lang.Integer">
            <column name="id" />
            <generator class="identity" />
        </id>
        <property name="uuid" type="java.lang.String">
            <column name="UUID" length="50">
                <comment>鍞?竴鍊</comment>
            </column>
        </property>
        <property name="province" type="java.lang.String">
            <column name="province" length="20">
                <comment>鐪佷唤</comment>
            </column>
        </property>
        <property name="runTime" type="java.lang.String">
            <column name="run_time">
                <comment>钀ヤ笟鏃堕棿</comment>
            </column>
        </property>
        <property name="phone" type="java.lang.String">
            <column name="phone" length="20">
                <comment>鐢佃瘽</comment>
            </column>
        </property>
        <property name="tag" type="java.lang.String">
            <column name="tag" length="200">
                <comment>鏍囩?</comment>
            </column>
        </property>
        <property name="city" type="java.lang.String">
            <column name="city" length="20">
                <comment>鍩庡競</comment>
            </column>
        </property>
        <property name="caterName" type="java.lang.String">
            <column name="cater_name" length="30">
                <comment>鍟嗗?鍚嶇О</comment>
            </column>
        </property>
        <property name="pricerate" type="java.lang.Float">
            <column name="pricerate" precision="12" scale="0">
                <comment>浠锋牸鍜屽懆杈规瘮杈冪櫨鍒嗘瘮</comment>
            </column>
        </property>
        <property name="catericonurl" type="java.lang.String">
            <column name="catericonurl" length="100">
                <comment>鍟嗗?鍥炬爣鍦板潃</comment>
            </column>
        </property>
        <property name="caterAddress" type="java.lang.String">
            <column name="cater_address" length="50">
                <comment>鍟嗗?鍦板潃</comment>
            </column>
        </property>
        <property name="monthsalesum" type="java.lang.Integer">
            <column name="monthsalesum">
                <comment>鏈堝敭浠芥暟</comment>
            </column>
        </property>
        <property name="placeLevel" type="java.lang.String">
            <column name="place_level" length="20">
                <comment>鍦烘墍绛夌骇</comment>
            </column>
        </property>
        <property name="dishLevel" type="java.lang.String">
            <column name="dish_level" length="20">
                <comment>鑿滃搧璇勪环鍒嗘暟</comment>
            </column>
        </property>
        <property name="serverLevel" type="java.lang.String">
            <column name="server_level" length="20">
                <comment>鏈嶅姟璇勫垎</comment>
            </column>
        </property>
        <property name="manageLevel" type="java.lang.String">
            <column name="manage_level" length="20">
                <comment>绠＄悊绛夌骇</comment>
            </column>
        </property>
        <property name="checkdate" type="java.util.Date">
            <column name="checkdate" length="10">
                <comment>妫?煡鏃ユ湡</comment>
            </column>
        </property>
        <property name="licenceNo" type="java.lang.String">
            <column name="licence_no" length="40">
                <comment>璁稿彲璇佸彿</comment>
            </column>
        </property>
        <property name="manager" type="java.lang.String">
            <column name="manager" length="30">
                <comment>鍏?徃娉曚汉</comment>
            </column>
        </property>
        <property name="mainStatus" type="java.lang.String">
            <column name="main_status" length="20">
                <comment>涓讳綋涓氭?</comment>
            </column>
        </property>
        <property name="runItems" type="java.lang.String">
            <column name="run_items" length="200">
                <comment>缁忚惀椤圭洰</comment>
            </column>
        </property>
        <property name="validityDate" type="java.util.Date">
            <column name="validity_date" length="10">
                <comment>鏈夋晥鏈</comment>
            </column>
        </property>
        <property name="sendFrom" type="java.lang.String">
            <column name="send_from" length="40">
                <comment>鐢辫皝鏉ラ厤閫</comment>
            </column>
        </property>
        <property name="sendFee" type="java.lang.Float">
            <column name="send_fee" precision="12" scale="0">
                <comment>閰嶉?璐圭敤</comment>
            </column>
        </property>
        <property name="sendStartmney" type="java.lang.Float">
            <column name="send_startmney" precision="12" scale="0">
                <comment>璧烽?閽辨暟</comment>
            </column>
        </property>
        <property name="sendTime" type="java.lang.Integer">
            <column name="send_time">
                <comment>閰嶉?鏃堕棿锛氬垎閽</comment>
            </column>
        </property>
        <property name="meanSendtime" type="java.lang.Integer">
            <column name="mean_sendtime">
                <comment>骞冲潎閫侀?鏃堕棿</comment>
            </column>
        </property>
        <property name="orderStarttime" type="java.lang.String">
            <column name="order_starttime">
                <comment>棰勫畾鏃堕棿</comment>
            </column>
        </property>
        <property name="dissScore" type="java.lang.Float">
            <column name="diss_score" precision="12" scale="0">
                <comment>璇勫垎</comment>
            </column>
        </property>
        <property name="firmCertificate" type="java.lang.String">
            <column name="firm_certificate" length="200">
                <comment>鍟嗗?鎵х収鍦板潃</comment>
            </column>
        </property>
        <property name="caterLongtitude" type="java.lang.String">
            <column name="cater_longtitude" length="30">
                <comment>缁忓害</comment>
            </column>
        </property>
        <property name="isEnsure" type="java.lang.String">
            <column name="is_ensure" length="50">
                <comment>鏄?惁鍙傚姞淇濋殰璁″垝</comment>
            </column>
        </property>
        <property name="caterLatude" type="java.lang.String">
            <column name="cater_latude" length="30">
                <comment>绾?害</comment>
            </column>
        </property>
        <property name="createTime" type="java.sql.Timestamp">
            <column name="create_time" length="19" />
        </property>
    </class>
</hibernate-mapping>
