<?xml version="1.0" encoding="utf-8"?>
<!DOCTYPE hibernate-mapping PUBLIC "-//Hibernate/Hibernate Mapping DTD 3.0//EN"
"http://www.hibernate.org/dtd/hibernate-mapping-3.0.dtd">
<!-- 
    Mapping file autogenerated by MyEclipse Persistence Tools
-->
<hibernate-mapping>
    <class name="lps.entities.ElmCaterDisscus" table="elm_cater_disscus" catalog="caterdb">
        <id name="id" type="java.lang.Integer">
            <column name="id" />
            <generator class="identity" />
        </id>
        <property name="dissUuid" type="java.lang.String">
            <column name="diss_uuid" length="50">
                <comment>鐖?彇鐨勫唴瀹箄uid</comment>
            </column>
        </property>
        <property name="disscussUrl" type="java.lang.String">
            <column name="disscuss_url">
                <comment>澶村儚鍦板潃</comment>
            </column>
        </property>
        <property name="disscusor" type="java.lang.String">
            <column name="disscusor" length="50">
                <comment>璇勮?浜哄憳锛氬彲浠ユ槸鍖垮悕</comment>
            </column>
        </property>
        <property name="disscusLevel" type="java.lang.Integer">
            <column name="disscus_level">
                <comment>璇勪环鍒嗘暟</comment>
            </column>
        </property>
        <property name="disscusContent" type="java.lang.String">
            <column name="disscus_content" length="2000" />
        </property>
        <property name="disscusTime" type="java.util.Date">
            <column name="disscus_time" length="10" />
        </property>
        <property name="disscusReturn" type="java.lang.String">
            <column name="disscus_return" length="2000">
                <comment>鍟嗗?鍙嶉?</comment>
            </column>
        </property>
        <property name="disscusType" type="java.lang.String">
            <column name="disscus_type" length="20">
                <comment>璇勪环婊℃剰涓庡惁锛氭儕鍠滐紝婊℃剰锛屼笉婊℃剰锛屼竴鑸?紝澶辨湜绛</comment>
            </column>
        </property>
        <property name="buyDish" type="java.lang.String">
            <column name="buy_dish" length="100">
                <comment>璐?拱鑿滃搧鍚嶇О</comment>
            </column>
        </property>
        <property name="createTime" type="java.sql.Timestamp">
            <column name="create_time" length="19">
                <comment>鐖?彇鏃堕棿</comment>
            </column>
        </property>
    </class>
</hibernate-mapping>
