<?xml version="1.0" encoding="utf-8"?>
<!DOCTYPE hibernate-mapping PUBLIC "-//Hibernate/Hibernate Mapping DTD 3.0//EN"
"http://www.hibernate.org/dtd/hibernate-mapping-3.0.dtd">
<!-- 
    Mapping file autogenerated by MyEclipse Persistence Tools
-->
<hibernate-mapping>
    <class name="lps.entities.ElmCaterDish" table="elm_cater_dish" catalog="caterdb">
        <id name="id" type="java.lang.Integer">
            <column name="id" />
            <generator class="identity" />
        </id>
        <property name="dishUuid" type="java.lang.String">
            <column name="dish_uuid" length="50">
                <comment>鑿滃搧鍞?竴鏍囪瘑UUID</comment>
            </column>
        </property>
        <property name="caterid" type="java.lang.Integer">
            <column name="caterid">
                <comment>鍟嗗?</comment>
            </column>
        </property>
        <property name="createTime" type="java.sql.Timestamp">
            <column name="create_time" length="19" />
        </property>
        <property name="dishname" type="java.lang.String">
            <column name="dishname" length="20">
                <comment>鑿滃搧鍚嶇О</comment>
            </column>
        </property>
        <property name="price" type="java.lang.Float">
            <column name="price" precision="12" scale="0">
                <comment>鑿滃搧浠锋牸</comment>
            </column>
        </property>
        <property name="picurl" type="java.lang.String">
            <column name="picurl" length="200">
                <comment>鍥剧墖鍦板潃</comment>
            </column>
        </property>
        <property name="descr" type="java.lang.String">
            <column name="descr" length="500">
                <comment>鎻忚堪锛氳彍鍝佹弿杩</comment>
            </column>
        </property>
        <property name="unit" type="java.lang.String">
            <column name="unit" length="20">
                <comment>鍗曚綅锛氬紶锛岀洏锛屼唤锛岀?锛岄攨锛岀泦锛屼綅</comment>
            </column>
        </property>
        <property name="dissCount" type="java.lang.Integer">
            <column name="diss_count">
                <comment>璇勪环娆℃暟</comment>
            </column>
        </property>
        <property name="zanCount" type="java.lang.Integer">
            <column name="zan_count">
                <comment>鐐硅禐娆℃暟</comment>
            </column>
        </property>
        <property name="dissLevel" type="java.lang.Float">
            <column name="diss_level" precision="12" scale="0">
                <comment>璇勮?鏄熺骇</comment>
            </column>
        </property>
        <property name="type" type="java.lang.String">
            <column name="type" length="11">
                <comment>鑿滃崟绫诲埆锛氫紭鎯狅紝濂楅?锛屼富椋熷?椁愶紝涓婚?楗?枡锛屾棭椁?钂告堡锛岄ギ鍝</comment>
            </column>
        </property>
        <property name="salesMonthsum" type="java.lang.Integer">
            <column name="sales_monthsum">
                <comment>鏈堥攢鏁伴噺</comment>
            </column>
        </property>
    </class>
</hibernate-mapping>
